Garbage Dreams,2010
Stranger Things,2010
Daybreakers,2010
Leap Year,2010
Youth in Revolt,2010
Kites,2010
John Rabe,2010
Perrier's Bounty,2010
The 7 Adventures of Sinbad,2010
Sex and the City 2,2010
Prince of Persia: The Sands of Time,2010
Survival of the Dead,2010
The Father of My Children,2010
Micmacs,2010
Agora,2010
The Last Shot,2010
Get Him to the Greek,2010
Killers,2010
Marmaduke,2010
Splice,2010
Ondine,2010
Living in Emergency,2010
Sleeping with Charlie Kaufman,2010
Rosencrantz and Guildenstern Are Undead,2010
Raajneeti,2010
Finding Bliss,2010
Gone with the Pope,2010
The A-Team,2010
The Karate Kid,2010
Winter's Bone,2010
Joan Rivers: A Piece of Work,2010
Coco Chanel & Igor Stravinsky,2010
12th & Delaware,2010
The Lottery,2010
Jonah Hex,2010
Toy Story 3,2010
Cyrus,2010
I Am Love,2010
The Killer Inside Me,2010
Raavan,2010
8: The Mormon Proposition,2010
45365,2010
Stonewall Uprising,2010
Le Amiche,2010
Knight and Day,2010
Grown Ups,2010
South of the Border,2010
Wild Grass,2010
Dogtooth,2010
Restrepo,2010
"I Was Born, But…",2010
Eclipse,2010
Love Ranch,2010
The Last Airbender,2010
Only When I Dance,2010
Great Directors,2010
Despicable Me,2010
Predators,2010
The Kids Are All Right,2010
Winnebago Man,2010
StreetDance 3D,2010
REC 2,2010
The Girl Who Played With Fire,2010
Valhalla Rising,2010
The Sorcerer's Apprentice,2010
Inception,2010
Kisses,2010
Standing Ovation,2010
Fred: The Movie,2010
Ramona and Beezus,2010
Salt,2010
Countdown to Zero,2010
Farewell,2010
Spoken Word,2010
Mugabe and the White African,2010
Life During Wartime,2010
Cats & Dogs: The Revenge of Kitty Galore,2010
Charlie St. Cloud,2010
Dinner for Schmucks,2010
The Extra Man,2010
The Dry Land,2010
"Hugh Hefner: Playboy, Activist and Rebel",2010
What's the Matter with Kansas?,2010
Smash His Camera,2010
Get Low,2010
Flipped,2010
The Other Guys,2010
Step Up 3D,2010
The Disappearance of Alice Creed,2010
Middle Men,2010
Twelve ,2010
The Wildest Dream,2010
Brotherhood,2010
Cairo Time,2010
Lebanon,2010
Spring Fever,2010
"Patrik, Age 1.5",2010
Eat Pray Love,2010
The Expendables,2010
Scott Pilgrim vs. the World,2010
Double Negative,2010
Tales from Earthsea,2010
La Soga,2010
Animal Kingdom,2010
Neshoba,2010
Peepli Live,2010
The People I've Slept With,2010
Salt of this Sea,2010
Vampires Suck,2010
A Film Unfinished,2010
Lottery Ticket,2010
Nanny McPhee and the Big Bang ,2010
Piranha 3D,2010
The Switch,2010
What If…,2010
Mao's Last Dancer,2010
The Army of Crime,2010
Soul Kitchen,2010
The Tillman Story,2010
The Last Exorcism,2010
Takers,2010
Mesrine,2010
The Milk of Sorrow,2010
Centurion,2010
Make-out with Violence,2010
The American,2010
Going the Distance,2010
Machete,2010
Resident Evil: Afterlife,2010
The Virginity Hit,2010
Repeaters,2010
Never Let Me Go,2010
Alpha and Omega,2010
Devil,2010
Easy A,2010
The Town,2010
Catfish,2010
Jack Goes Boating,2010
Last Day of Summer,2010
Leaves of Grass,2010
You Will Meet a Tall Dark Stranger,2010
Legend of the Guardians: The Owls of Ga'Hoole,2010
Wall Street: Money Never Sleeps,2010
You Again,2010
Buried,2010
Like Dandelion Dust,2010
Norwegian Wood,2010
Case 39,2010
Let Me In,2010
The Social Network,2010
It's Kind of a Funny Story,2010
Life as We Know It,2010
My Soul to Take,2010
Secretariat,2010
I Spit on Your Grave,2010
Inside Job,2010
It's a Wonderful Afterlife,2010
Elite Squad: The Enemy Within,2010
Wild Target,2010
Nowhere Boy,2010
Stone,2010
Tamara Drewe,2010
Jackass 3D,2010
Red,2010
Conviction,2010
Carlos,2010
Hereafter,2010
Paranormal Activity 2,2010
Saw 3D,2010
The Girl Who Kicked the Hornets' Nest,2010
Monsters,2010
Crayon,2010
Due Date,2010
Fair Game,2010
For Colored Girls,2010
Megamind,2010
127 Hours,2010
Four Lions ,2010
Guy and Madeline on a Park Bench,2010
Morning Glory,2010
Skyline,2010
Unstoppable,2010
Harry Potter and the Deathly Hallows: Part 1,2010
The Next Three Days,2010
Made in Dagenham,2010
Burlesque,2010
Faster,2010
Love & Other Drugs,2010
Tangled,2010
Break Ke Baad,2010
The Nutcracker,2010
The King's Speech ,2010
Black Swan,2010
I Love You Phillip Morris,2010
The Warrior's Way,2010
Night Catches Us,2010
The Chronicles of Narnia: The Voyage of the Dawn Treader,2010
The Tourist,2010
Frankie & Alice,2010
The Tempest,2010
How Do You Know,2010
The Fighter,2010
Tron Legacy,2010
Yogi Bear,2010
Casino Jack,2010
Rabbit Hole,2010
Little Fockers,2010
True Grit,2010
Somewhere,2010
Gulliver's Travels,2010
The Illusionist,2010
Another Year,2010
Blue Valentine,2010
Biutiful,2010
